{
    "orbigator.py": 1767487800.1631777,
    "modes.py": 1767531722.9357245,
    "orb_globals.py": 1767444922.3148851,
    "orb_utils.py": 1767486949.1185775,
    "pins.py": 1766694998.9486961,
    "propagators.py": 1767477241.9872255,
    "sgp4.py": 1767474501.0228662,
    "satellite_catalog.py": 1766708662.452884,
    "tle_fetch.py": 1767444634.0949306,
    "tle_parser.py": 1766703568.3198388,
    "dynamixel_motor.py": 1767478977.2587266,
    "dynamixel_extended_utils.py": 1766962715.7132688,
    "ds323x.py": 1766871960.6764228,
    "ds3231.py": 1766237068.375931,
    "ss1306.py": 1759068617.275953,
    "web_server.py": 1767487775.5540478,
    "wifi_setup.py": 1766703316.2844987,
    "input_utils.py": 1767062767.6344323,
    "tle_cache.json": 1767473184.5402415,
    "web/index.html": 1767470622.1800165,
    "web/orbit.html": 1766751383.2665043,
    "web/sgp4.html": 1766847777.6864817,
    "web/settings.html": 1766751396.3944955,
    "web/js/api.js": 1766798275.6140156,
    "web/js/orbit.js": 1766751394.139497,
    "web/js/utils.js": 1766751274.8555791,
    "web/js/sgp4.js": 1766847794.6914794,
    "web/js/dashboard.js": 1766847787.6124804,
    "web/css/style.css": 1766847762.9644835,
    "mock_motor.py": 1767476241.268198,
    "web/vite.svg": 1767462236.6527483,
    "web/assets/index-l1bkyn4I.css": 1767462237.6017516,
    "web/assets/index-DAHsyKQ3.js": 1767456867.2794878,
    "web/assets/index-kA73k1jf.js": 1767457966.7335954,
    "web/assets/index-DIqs_7LE.js": 1767458521.1282432,
    "web/assets/ui-BhfK5avk.js": 1767459406.148299,
    "web/assets/index-YbA1VMSf.js": 1767459406.148299,
    "web/assets/vendor-Dh3zDKDA.js": 1767462237.6037517,
    "web/index.html.gz": 1767462237.6037517,
    "web/vite.svg.gz": 1767462236.6527483,
    "web/assets/vendor-Dh3zDKDA.js.gz": 1767462237.6037517,
    "web/assets/index-l1bkyn4I.css.gz": 1767462237.6017516,
    "web/assets/ui-BhfK5avk.js.gz": 1767459406.148299,
    "web/assets/index-YbA1VMSf.js.gz": 1767459406.148299,
    "web/assets/index-DtMpfV4U.js.gz": 1767460821.1362016,
    "web/assets/ui-VD-KZN_y.js": 1767460821.1362016,
    "web/assets/ui-VD-KZN_y.js.gz": 1767460821.1362016,
    "web/assets/index-DtMpfV4U.js": 1767460821.1362016,
    "web/assets/ui-B3FmjzAM.js.gz": 1767462237.6037517,
    "web/assets/index-X6_pd8tG.js": 1767461233.4784336,
    "web/assets/index-X6_pd8tG.js.gz": 1767461233.4784336,
    "web/assets/ui-B3FmjzAM.js": 1767462237.6037517,
    "web/assets/index-C-kTB4nG.js": 1767462237.6037517,
    "web/assets/index-C-kTB4nG.js.gz": 1767462237.6037517,
    "satellite_position.py": 1767477205.2901187,
    "ntp_sync.py": 1767466654.2309878,
    "mock_ds3231.py": 1767476321.0563426,
    "orbigator_config.json": 1767479024.003807
}